City_ID,City,Country,Date,Lat,Long,Max Temp,Humidity,Cloudiness,Wind Speed
0,Jamestown,US,2021-12-22 23:25:38,42.097,-79.2353,27.99,85,90,7.0
1,Clonakilty,IE,2021-12-22 23:25:39,51.6231,-8.8706,52.81,94,100,20.02
2,Tuktoyaktuk,CA,2021-12-22 23:25:39,69.4541,-133.0374,-5.8,71,90,20.71
3,Atuona,PF,2021-12-22 23:22:21,-9.8,-139.0333,78.87,77,24,20.42
4,Mataura,NZ,2021-12-22 23:25:40,-46.1927,168.8643,56.48,44,35,9.06
5,Hermon,US,2021-12-22 23:25:40,44.8101,-68.9134,34.52,88,90,13.8
6,Frankenburg,AT,2021-12-22 23:25:40,48.0684,13.4907,25.52,91,99,3.4
7,Yar-sale,RU,2021-12-22 23:25:41,66.8333,70.8333,21.65,96,100,11.27
8,Longyearbyen,SJ,2021-12-22 23:25:41,78.2186,15.6401,4.84,61,20,18.41
9,Tasiilaq,GL,2021-12-22 23:25:42,65.6145,-37.6368,24.96,53,0,4.29
10,Yellowknife,CA,2021-12-22 23:24:08,62.456,-114.3525,-23.28,76,75,2.3
11,Ushuaia,AR,2021-12-22 23:21:01,-54.8,-68.3,56.86,54,40,18.41
12,Khandbari,NP,2021-12-22 23:25:43,27.3747,87.2039,47.75,58,26,3.74
13,Nikki,BJ,2021-12-22 23:25:44,9.9401,3.2108,73.87,28,0,5.26
14,Maceio,BR,2021-12-22 23:25:44,-9.6658,-35.7353,80.04,89,75,6.91
15,Rikitea,PF,2021-12-22 23:23:11,-23.1203,-134.9692,77.23,76,96,7.76
16,Mar Del Plata,AR,2021-12-22 23:25:45,-38.0023,-57.5575,69.1,87,75,1.99
17,Busselton,AU,2021-12-22 23:25:46,-33.65,115.3333,66.04,67,65,9.35
18,Paracuru,BR,2021-12-22 23:25:46,-3.41,-39.0306,82.42,78,48,11.05
19,Herat,AF,2021-12-22 23:25:46,34.5,62.0,43.45,26,0,7.02
20,Hamilton,US,2021-12-22 23:20:47,39.1834,-84.5333,33.12,54,1,3.44
21,Puerto Ayora,EC,2021-12-22 23:25:47,-0.7393,-90.3518,70.84,86,89,7.83
22,Castro,BR,2021-12-22 23:25:47,-24.7911,-50.0119,63.48,90,83,10.45
23,Punta Arenas,CL,2021-12-22 23:25:48,-53.15,-70.9167,62.71,48,20,23.02
24,Port Alfred,ZA,2021-12-22 23:25:48,-33.5906,26.891,66.81,86,100,7.45
25,Adilcevaz,TR,2021-12-22 23:25:48,38.8039,42.7342,22.71,69,73,4.14
26,Nome,US,2021-12-22 23:25:49,64.5011,-165.4064,17.67,93,90,19.57
27,Hithadhoo,MV,2021-12-22 23:25:49,-0.6,73.0833,81.34,75,87,4.76
28,Ankazoabo,MG,2021-12-22 23:25:50,-22.2833,44.5167,70.45,84,52,1.92
29,Morondava,MG,2021-12-22 23:25:50,-20.2833,44.2833,78.89,74,86,2.19
30,Hearst,CA,2021-12-22 23:25:51,49.6835,-83.6665,-10.95,96,100,2.17
31,Varca,IN,2021-12-22 23:25:51,15.2167,73.9167,69.8,88,0,1.14
32,Vila Franca Do Campo,PT,2021-12-22 23:25:51,37.7167,-25.4333,61.21,73,45,20.07
33,Bathsheba,BB,2021-12-22 23:25:52,13.2167,-59.5167,81.21,69,20,24.16
34,Prince Rupert,CA,2021-12-22 23:25:52,54.3161,-130.3201,35.29,84,1,4.61
35,Lagoa,PT,2021-12-22 23:25:53,39.05,-27.9833,59.54,74,68,37.38
36,Thompson,CA,2021-12-22 23:25:53,55.7435,-97.8558,-30.84,75,20,0.0
37,Necochea,AR,2021-12-22 23:25:54,-38.5473,-58.7368,63.03,75,8,10.36
38,Ayagoz,KZ,2021-12-22 23:25:54,47.9714,80.4392,11.12,88,28,2.48
39,Quatre Cocos,MU,2021-12-22 23:25:54,-20.2078,57.7625,79.09,86,95,11.74
40,Ribeira Grande,PT,2021-12-22 23:25:55,38.5167,-28.7,60.78,70,68,31.88
41,Upernavik,GL,2021-12-22 23:25:56,72.7868,-56.1549,23.02,67,95,3.2
42,Dikson,RU,2021-12-22 23:25:56,73.5069,80.5464,-0.96,82,97,16.84
43,Haines Junction,CA,2021-12-22 23:25:56,60.7522,-137.5108,-23.85,69,45,1.14
44,Muzhi,RU,2021-12-22 23:25:57,65.3667,64.6667,0.46,96,100,4.47
45,Sitka,US,2021-12-22 23:25:57,57.0531,-135.33,35.49,30,1,4.61
46,Ames,US,2021-12-22 23:24:10,42.0347,-93.6199,40.95,60,1,1.99
47,Mikhaylovka,RU,2021-12-22 23:25:59,50.06,43.2379,-3.21,96,80,7.87
48,Chekmagush,RU,2021-12-22 23:25:59,55.1319,54.6556,-0.94,99,96,2.91
49,Richards Bay,ZA,2021-12-22 23:25:59,-28.783,32.0377,68.56,96,90,5.08
50,Rio Gallegos,AR,2021-12-22 23:26:00,-51.6226,-69.2181,71.65,40,0,5.75
51,Shieli,KZ,2021-12-22 23:26:01,44.1667,66.75,45.21,83,68,11.27
52,Mandasa,IN,2021-12-22 23:26:01,18.8667,84.4667,61.5,52,0,3.51
53,Cape Town,ZA,2021-12-22 23:23:54,-33.9258,18.4232,68.41,79,0,3.0
54,Turukhansk,RU,2021-12-22 23:26:02,65.8167,87.9833,8.04,68,100,18.19
55,Qaanaaq,GL,2021-12-22 23:26:02,77.484,-69.3632,23.72,57,37,9.4
56,Kerman,IR,2021-12-22 23:26:02,30.2832,57.0788,39.06,48,0,0.0
57,Narsaq,GL,2021-12-22 23:26:03,60.9167,-46.05,44.82,55,100,18.97
58,Hilo,US,2021-12-22 23:26:03,19.7297,-155.09,76.28,52,90,3.44
59,Vina Del Mar,CL,2021-12-22 23:22:11,-33.0246,-71.5518,66.31,73,0,8.05
60,Ancud,CL,2021-12-22 23:26:04,-41.8697,-73.8203,69.42,76,9,5.17
61,Hermanus,ZA,2021-12-22 23:26:05,-34.4187,19.2345,65.8,85,100,13.35
62,Camp Verde,US,2021-12-22 23:26:05,34.5636,-111.8543,67.89,24,83,3.53
63,Port-cartier,CA,2021-12-22 23:26:05,50.0334,-66.8654,16.02,95,100,23.33
64,Vila Velha,BR,2021-12-22 23:26:06,-20.3297,-40.2925,78.94,92,75,3.0
65,Honningsvag,NO,2021-12-22 23:26:06,70.9821,25.9704,18.93,72,100,28.23
66,Avarua,CK,2021-12-22 23:26:07,-21.2078,-159.775,77.05,83,75,11.5
67,Arraial Do Cabo,BR,2021-12-22 23:26:07,-22.9661,-42.0278,75.47,92,56,13.94
68,Cabo San Lucas,MX,2021-12-22 23:23:56,22.8909,-109.9124,79.61,52,1,1.01
69,Libenge,CD,2021-12-22 23:26:08,3.65,18.6333,82.44,39,93,0.69
70,Ushtobe,KZ,2021-12-22 23:26:08,45.2514,77.9838,38.34,52,100,3.65
71,Elizabeth City,US,2021-12-22 23:26:08,36.2946,-76.2511,47.01,85,1,4.61
72,Cozumel,MX,2021-12-22 23:21:59,20.5083,-86.9458,75.94,67,20,8.05
73,Nanortalik,GL,2021-12-22 23:26:09,60.1432,-45.2371,36.82,76,100,11.27
74,Lalibela,ET,2021-12-22 23:26:10,12.0333,39.0333,57.74,63,29,5.5
75,Aleppo,SY,2021-12-22 23:26:10,36.25,37.5,42.31,51,100,12.97
76,Saint George,US,2021-12-22 23:26:11,37.1041,-113.5841,55.54,43,1,1.01
77,Itubera,BR,2021-12-22 23:26:11,-13.7322,-39.1492,74.43,96,96,2.89
78,Touros,BR,2021-12-22 23:26:12,-5.1989,-35.4608,81.5,78,77,13.0
79,Pirenopolis,BR,2021-12-22 23:26:12,-15.8525,-48.9592,72.09,94,51,0.07
80,Barrow,US,2021-12-22 23:26:13,71.2906,-156.7887,-5.78,77,90,20.71
81,Kapaa,US,2021-12-22 23:26:13,22.0752,-159.319,75.52,73,40,5.01
82,Deer Lake,CA,2021-12-22 23:22:19,49.1667,-57.4316,15.66,79,90,11.5
83,Port Elizabeth,ZA,2021-12-22 23:26:14,-33.918,25.5701,64.09,94,40,4.61
84,Cardston,CA,2021-12-22 23:26:14,49.2,-113.3019,38.88,60,91,10.36
85,Progreso,MX,2021-12-22 23:26:14,21.2833,-89.6667,75.31,55,48,7.65
86,Georgetown,MY,2021-12-22 23:23:30,5.4112,100.3354,78.89,91,20,0.0
87,Provideniya,RU,2021-12-22 23:26:15,64.3833,-173.3,5.36,85,90,29.08
88,Vaini,TO,2021-12-22 23:26:15,-21.2,-175.2,86.16,84,20,10.36
89,San Marcos,US,2021-12-22 23:23:57,33.1434,-117.1661,70.83,57,1,1.99
90,Alexandria,EG,2021-12-22 23:26:16,31.2156,29.9553,57.61,68,25,1.99
91,Xalpatlahuac,MX,2021-12-22 23:26:16,17.4667,-98.6167,72.18,52,21,2.95
92,Chuy,UY,2021-12-22 23:26:17,-33.6971,-53.4616,66.06,78,0,7.81
93,Carutapera,BR,2021-12-22 23:26:15,-1.195,-46.02,80.47,81,77,9.1
94,Bredasdorp,ZA,2021-12-22 23:26:17,-34.5322,20.0403,65.52,82,96,12.66
95,Bethel,US,2021-12-22 23:24:35,41.3712,-73.414,37.98,54,1,5.99
96,Nathdwara,IN,2021-12-22 23:26:18,24.9333,73.8167,59.74,34,0,2.82
97,Pedernales,DO,2021-12-22 23:26:18,18.0384,-71.744,78.87,76,37,2.73
98,Puerto Ayacucho,VE,2021-12-22 23:26:19,5.6639,-67.6236,85.57,62,83,2.06
99,Bambous Virieux,MU,2021-12-22 23:26:19,-20.3428,57.7575,79.21,94,75,11.5
100,Cabinda,AO,2021-12-22 23:22:18,-5.55,12.2,78.8,90,99,7.43
101,Ponta Do Sol,PT,2021-12-22 23:26:20,32.6667,-17.1,68.0,89,80,4.72
102,Coquimbo,CL,2021-12-22 23:26:20,-29.9533,-71.3436,64.13,77,20,11.5
103,Ouesso,CG,2021-12-22 23:26:21,1.6136,16.0517,80.2,54,69,1.68
104,Presidente Olegario,BR,2021-12-22 23:26:21,-18.4178,-46.4181,74.19,67,50,0.31
105,Piripiri,BR,2021-12-22 23:26:22,-4.2733,-41.7769,84.11,56,86,9.71
106,Knin,HR,2021-12-22 23:26:22,44.0439,16.2,40.19,81,29,4.74
107,Laguna,US,2021-12-22 23:26:23,38.421,-121.4238,58.44,84,90,1.01
108,Berlevag,NO,2021-12-22 23:26:23,70.8578,29.0864,19.4,79,100,29.06
109,Vardo,NO,2021-12-22 23:26:23,70.3705,31.1107,16.0,69,100,11.01
110,Amalapuram,IN,2021-12-22 23:26:24,16.5833,82.0167,63.19,88,2,1.9
111,Gao,ML,2021-12-22 23:22:35,16.6362,1.637,68.79,14,100,11.56
112,Whitehorse,CA,2021-12-22 23:26:25,60.7161,-135.0538,-6.2,74,40,0.0
113,Bartica,GY,2021-12-22 23:26:25,6.4,-58.6167,79.12,99,100,5.23
114,College,US,2021-12-22 23:26:25,64.8569,-147.8028,-7.94,77,90,4.61
115,Faya,SA,2021-12-22 23:26:26,18.3851,42.4509,52.32,86,14,2.46
116,Aruja,BR,2021-12-22 23:26:26,-23.3961,-46.3208,73.36,100,0,2.3
117,Rochegda,RU,2021-12-22 23:26:26,62.8,43.25,1.74,98,100,3.36
118,Kantilo,IN,2021-12-22 23:26:27,20.35,85.1833,53.46,45,0,3.47
119,Houma,US,2021-12-22 23:21:34,29.5958,-90.7195,61.0,52,1,0.0
120,Sabha,LY,2021-12-22 23:26:27,27.0377,14.4283,52.0,30,100,2.15
121,Pangnirtung,CA,2021-12-22 23:26:28,66.1451,-65.7125,10.4,61,20,5.75
122,Acarau,BR,2021-12-22 23:26:28,-2.8856,-40.12,82.08,73,70,16.64
123,Kilimatinde,TZ,2021-12-22 23:26:29,-5.85,34.95,69.46,72,78,5.19
124,Brownwood,US,2021-12-22 23:23:42,31.7093,-98.9912,71.37,15,1,3.65
125,Wahpeton,US,2021-12-22 23:26:29,46.2652,-96.6059,20.21,93,1,5.75
126,Mutoko,ZW,2021-12-22 23:26:30,-17.397,32.2268,64.6,92,100,1.43
127,Prokudskoye,RU,2021-12-22 23:26:30,55.0089,82.4574,12.07,92,5,8.95
128,Half Moon Bay,US,2021-12-22 23:26:30,37.4636,-122.4286,63.77,96,90,3.0
129,Ilulissat,GL,2021-12-22 23:26:31,69.2167,-51.1,37.42,41,50,26.46
130,Chincha Alta,PE,2021-12-22 23:26:31,-13.4099,-76.1323,68.59,83,100,6.13
131,Marawi,PH,2021-12-22 23:26:32,7.9986,124.2928,65.64,93,100,0.94
132,Mahebourg,MU,2021-12-22 23:26:32,-20.4081,57.7,79.25,94,75,11.5
133,Nantucket,US,2021-12-22 23:26:32,41.2835,-70.0995,41.97,79,82,27.6
134,Sao Joao Da Barra,BR,2021-12-22 23:26:33,-21.6403,-41.0511,76.32,94,29,12.73
135,Coihaique,CL,2021-12-22 23:26:33,-45.5752,-72.0662,86.61,48,0,5.08
136,Hay River,CA,2021-12-22 23:26:34,60.8156,-115.7999,-7.62,84,90,4.61
137,Taltal,CL,2021-12-22 23:26:34,-25.4,-70.4833,66.65,76,98,2.77
138,Bergama,TR,2021-12-22 23:26:34,39.1207,27.1805,40.23,73,2,5.88
139,Haysville,US,2021-12-22 23:26:35,37.5645,-97.3523,55.98,55,1,1.99
140,Kaya,BF,2021-12-22 23:26:35,13.0917,-1.0844,72.46,17,88,9.28
141,Lebu,CL,2021-12-22 23:26:36,-37.6167,-73.65,59.31,84,1,13.33
142,Alamos,MX,2021-12-22 23:26:36,27.0167,-108.9333,75.72,12,74,5.01
143,Banikoara,BJ,2021-12-22 23:26:37,11.2985,2.4386,73.26,24,22,5.5
144,Ketchikan,US,2021-12-22 23:26:37,55.3422,-131.6461,30.67,69,1,10.36
145,Biltine,TD,2021-12-22 23:26:38,14.5333,20.9167,69.89,17,0,11.97
146,Miraflores,MX,2021-12-22 23:26:38,19.2167,-98.8083,70.45,21,3,2.15
147,Natal,BR,2021-12-22 23:22:45,-5.795,-35.2094,82.62,78,40,9.22
148,Juruti,BR,2021-12-22 23:26:39,-2.1522,-56.0922,82.33,65,100,3.02
149,Kodiak,US,2021-12-22 23:26:39,57.79,-152.4072,36.91,75,90,0.0
150,Kruisfontein,ZA,2021-12-22 23:26:40,-34.0033,24.7314,61.88,92,84,4.43
151,Alpena,US,2021-12-22 23:26:40,45.0617,-83.4327,22.1,68,90,3.0
152,Dhaulpur,IN,2021-12-22 23:26:41,26.7,77.9,54.21,48,16,3.51
153,Arak,IR,2021-12-22 23:26:41,34.0917,49.6892,34.2,55,0,5.28
154,Awjilah,LY,2021-12-22 23:26:42,29.1081,21.2869,55.71,43,100,2.8
155,Pisco,PE,2021-12-22 23:26:42,-13.7,-76.2167,69.85,78,0,18.41
156,Mwinilunga,ZM,2021-12-22 23:26:42,-11.7358,24.4293,63.03,98,100,3.76
157,Codrington,AU,2021-12-22 23:26:43,-38.2667,141.9667,61.38,58,91,6.62
158,Zverinogolovskoye,RU,2021-12-22 23:26:43,54.4586,64.8542,1.15,96,49,4.7
159,San Quintin,MX,2021-12-22 23:26:44,30.4833,-115.95,63.16,65,100,9.4
160,Torbay,CA,2021-12-22 23:26:44,47.6666,-52.7314,23.77,86,40,3.44
161,Cidreira,BR,2021-12-22 23:26:44,-30.1811,-50.2056,70.25,74,1,13.73
162,Plouzane,FR,2021-12-22 23:26:45,48.3833,-4.6167,43.12,93,90,14.97
163,Henties Bay,NA,2021-12-22 23:26:45,-22.116,14.2845,63.86,86,0,4.76
164,Douentza,ML,2021-12-22 23:26:45,14.9951,-2.9517,73.4,12,100,6.29
165,Kamenka,RU,2021-12-22 23:26:46,51.3223,42.7678,0.7,96,96,7.67
166,Fort Nelson,CA,2021-12-22 23:26:47,58.8053,-122.7002,4.59,85,90,0.0
167,Port Hardy,CA,2021-12-22 23:26:47,50.6996,-127.4199,39.76,100,75,3.44
168,Willowmore,ZA,2021-12-22 23:26:47,-33.2926,23.4895,61.57,78,100,9.01
169,Warrington,GB,2021-12-22 23:26:48,53.3925,-2.5802,42.87,94,90,1.01
170,Midland,US,2021-12-22 23:26:49,31.9974,-102.0779,74.68,11,1,9.22
171,Grindavik,IS,2021-12-22 23:26:49,63.8424,-22.4338,32.47,80,0,11.5
172,La Macarena,CO,2021-12-22 23:26:49,2.1837,-73.7849,81.64,64,95,2.48
173,Akdepe,TM,2021-12-22 23:26:50,42.0551,59.3788,39.29,82,76,14.94
174,Alofi,NU,2021-12-22 23:26:50,-19.0595,-169.9187,84.09,61,40,13.8
175,Matara,LK,2021-12-22 23:26:51,5.9485,80.5353,74.3,90,57,3.24
176,Tazovskiy,RU,2021-12-22 23:26:51,67.4667,78.7,12.92,89,100,23.06
177,Boden,SE,2021-12-22 23:26:51,65.8252,21.6886,-5.8,90,100,3.11
178,Saint-philippe,RE,2021-12-22 23:26:52,-21.3585,55.7679,78.35,86,91,12.03
179,Pacific Grove,US,2021-12-22 23:26:53,36.6177,-121.9166,61.07,87,90,1.01
180,Mehamn,NO,2021-12-22 23:26:53,71.0357,27.8492,19.35,86,90,23.02
181,Trojes,AL,2021-12-22 23:26:53,41.756,19.962,27.09,60,3,6.2
182,Nokaneng,BW,2021-12-22 23:26:54,-19.6667,22.2667,70.41,82,90,7.14
183,Nepa Nagar,IN,2021-12-22 23:26:54,21.4667,76.4,61.93,36,0,1.43
184,Verkhnyaya Toyma,RU,2021-12-22 23:26:55,62.2349,44.9985,-6.88,98,100,3.13
185,Hambantota,LK,2021-12-22 23:26:17,6.1241,81.1185,75.81,81,69,8.01
186,Ponta Delgada,PT,2021-12-22 23:26:56,37.7333,-25.6667,61.52,77,40,23.02
187,Cayenne,GF,2021-12-22 23:26:56,4.9333,-52.3333,76.08,92,0,3.44
188,Balsas,BR,2021-12-22 23:26:57,-7.5325,-46.0356,76.51,89,100,4.18
189,Clinton,US,2021-12-22 23:26:57,42.587,-82.9199,27.95,64,75,1.99
190,Winslow,US,2021-12-22 23:22:24,35.0242,-110.6974,55.96,30,1,0.0
191,Vazante,BR,2021-12-22 23:26:30,-17.9869,-46.9078,78.01,65,94,1.54
192,East London,ZA,2021-12-22 23:25:51,-33.0153,27.9116,68.18,86,100,6.08
193,Constitucion,CL,2021-12-22 23:26:58,-35.3333,-72.4167,61.11,78,18,5.14
194,Ambanja,MG,2021-12-22 23:26:58,-13.6833,48.45,77.41,91,71,2.73
195,Sao Filipe,CV,2021-12-22 23:26:59,14.8961,-24.4956,74.75,72,0,10.71
196,Tatarskaya Pishlya,RU,2021-12-22 23:27:00,54.0608,44.8998,-2.69,94,98,9.08
197,Castrillon,ES,2021-12-22 23:27:00,43.3979,-6.7922,55.94,85,53,6.08
198,Tukrah,LY,2021-12-22 23:27:01,32.5341,20.5791,57.51,71,63,4.54
199,Machhlishahr,IN,2021-12-22 23:27:01,25.6833,82.4167,53.1,37,0,1.07
200,Pangoa,PE,2021-12-22 23:27:01,-12.1167,-73.0,72.1,97,100,1.45
201,Digapahandi,IN,2021-12-22 23:27:02,19.3667,84.5833,58.71,55,0,3.04
202,Marau,BR,2021-12-22 23:27:02,-28.4492,-52.2,70.27,63,93,9.53
203,The Valley,AI,2021-12-22 23:27:02,18.217,-63.0578,80.46,78,20,16.11
204,Pahrump,US,2021-12-22 23:25:01,36.2083,-115.9839,54.1,34,100,1.01
205,Ambositra,MG,2021-12-22 23:27:03,-20.5167,47.25,61.81,96,84,4.32
206,Luderitz,NA,2021-12-22 23:27:03,-26.6481,15.1594,61.7,86,0,4.76
207,Praia Da Vitoria,PT,2021-12-22 23:27:04,38.7333,-27.0667,61.75,77,40,26.98
208,Koungou,YT,2021-12-22 23:27:04,-12.7336,45.2042,82.11,83,0,5.75
209,Mouila,GA,2021-12-22 23:26:09,-1.8685,11.0559,75.29,96,81,0.49
210,Bellegarde-sur-valserine,FR,2021-12-22 23:27:05,46.1079,5.8242,35.55,83,66,0.54
211,Tera,NE,2021-12-22 23:27:05,14.0078,0.7531,71.92,16,74,10.13
212,Aksu,CN,2021-12-22 23:27:06,41.1231,80.2644,23.22,54,8,2.98
213,Zaraza,VE,2021-12-22 23:27:06,9.3503,-65.3245,79.27,76,98,8.93
214,Klaksvik,FO,2021-12-22 23:27:06,62.2266,-6.589,31.12,65,99,18.12
215,Faanui,PF,2021-12-22 23:27:07,-16.4833,-151.75,82.24,67,69,12.88
216,Izalco,SV,2021-12-22 23:27:07,13.7447,-89.6731,85.37,68,80,3.6
217,Williams Lake,CA,2021-12-22 23:26:43,52.1415,-122.1445,18.97,86,90,9.22
218,Norman Wells,CA,2021-12-22 23:27:08,65.282,-126.8329,-7.56,77,75,3.44
219,Raga,SS,2021-12-22 23:27:08,8.4596,25.678,72.16,27,30,4.45
220,Lavrentiya,RU,2021-12-22 23:27:09,65.5833,-171.0,-3.01,95,100,19.13
221,Kilembe,UG,2021-12-22 23:27:09,0.2,30.0,62.42,80,100,4.68
222,Kahului,US,2021-12-22 23:24:19,20.8947,-156.47,76.26,79,75,17.27
223,Souillac,MU,2021-12-22 23:26:15,-20.5167,57.5167,79.36,94,75,11.5
224,Tevriz,RU,2021-12-22 23:27:10,57.509,72.4042,25.72,93,100,8.88
225,Enid,US,2021-12-22 23:27:10,36.3956,-97.8784,58.68,56,1,5.01
226,Karakol,KG,2021-12-22 23:27:11,42.4907,78.3936,22.15,62,78,6.33
227,Acajutla,SV,2021-12-22 23:27:11,13.5928,-89.8275,89.94,66,68,4.03
228,Brownsville,US,2021-12-22 23:27:12,25.9018,-97.4975,73.89,69,1,5.01
229,Malartic,CA,2021-12-22 23:27:12,48.1335,-78.1328,3.31,81,100,10.67
230,Rosarito,MX,2021-12-22 23:27:12,32.3333,-117.0333,69.4,55,100,7.36
231,Lompoc,US,2021-12-22 23:27:13,34.6391,-120.4579,62.78,86,90,0.0
232,Anori,BR,2021-12-22 23:27:13,-3.7728,-61.6442,76.06,96,100,2.08
233,Colares,PT,2021-12-22 23:27:14,38.7992,-9.4469,60.82,80,100,13.0
234,Greenwood,US,2021-12-22 23:27:14,34.1668,-82.1165,52.11,75,1,0.0
235,Banagher,IE,2021-12-22 23:27:14,53.1886,-7.9867,53.56,91,100,12.37
236,Tikhvin,RU,2021-12-22 23:27:15,59.6451,33.5294,14.22,93,100,7.16
237,Roald,NO,2021-12-22 23:27:15,62.5833,6.1333,36.34,93,90,8.05
238,Rio Tercero,AR,2021-12-22 23:27:16,-32.173,-64.1141,85.66,28,38,4.92
239,Safford,US,2021-12-22 23:27:08,32.834,-109.7076,74.93,19,1,0.0
240,Dingle,PH,2021-12-22 23:27:16,10.9995,122.6711,75.31,92,99,5.5
241,Bawana,IN,2021-12-22 23:27:17,28.8,77.0333,51.85,25,79,4.32
242,Victoria,HK,2021-12-22 23:25:15,22.2855,114.1577,67.32,83,100,5.99
243,Ostrovnoy,RU,2021-12-22 23:27:17,68.0531,39.5131,19.08,94,100,6.51
244,Inzer,RU,2021-12-22 23:27:18,54.2167,57.5556,4.08,98,66,3.47
245,Kavaratti,IN,2021-12-22 23:24:12,10.5669,72.642,78.78,60,55,2.35
246,Igrim,RU,2021-12-22 23:27:18,63.1906,64.4162,-1.52,95,100,4.83
247,Port Blair,IN,2021-12-22 23:27:19,11.6667,92.75,74.97,82,79,7.2
248,Jacareacanga,BR,2021-12-22 23:27:20,-6.2222,-57.7528,80.02,80,100,3.42
249,Puerto Leguizamo,CO,2021-12-22 23:27:20,-0.1934,-74.7819,81.86,72,100,1.32
250,Hobyo,SO,2021-12-22 23:24:57,5.3505,48.5268,78.17,82,88,15.23
251,Quartucciu,IT,2021-12-22 23:27:21,39.2519,9.1794,52.0,78,0,4.61
252,Grand Gaube,MU,2021-12-22 23:27:21,-20.0064,57.6608,79.38,84,100,4.0
253,Aanekoski,FI,2021-12-22 23:27:21,62.6946,25.818,20.08,91,99,10.71
254,Knokke-heist,BE,2021-12-22 23:27:22,51.3333,3.3333,32.05,94,100,7.0
255,Inuvik,CA,2021-12-22 23:27:22,68.3499,-133.7218,-10.34,77,90,3.44
256,Margate,GB,2021-12-22 23:27:23,51.3813,1.3862,39.31,65,100,15.77
257,Les Cayes,HT,2021-12-22 23:27:23,18.2,-73.75,76.42,80,61,2.33
258,Jilib,SO,2021-12-22 23:27:23,0.4883,42.7854,75.85,91,57,4.59
259,Ixtapa,MX,2021-12-22 23:22:34,20.7,-105.2,78.03,69,1,9.22
260,Thinadhoo,MV,2021-12-22 23:27:24,0.5333,72.9333,80.31,75,72,2.53
261,Springbok,ZA,2021-12-22 23:27:24,-29.6643,17.8865,55.89,75,74,4.07
262,Gidole,ET,2021-12-22 23:27:25,5.65,37.3667,60.55,54,96,3.91
263,Bahia Blanca,AR,2021-12-22 23:27:25,-38.7196,-62.2724,75.85,30,0,11.25
264,Turtas,RU,2021-12-22 23:27:26,58.9417,69.1325,23.7,93,100,9.28
265,Cerrito,CO,2021-12-22 23:27:26,6.8432,-72.694,51.19,96,99,2.19
266,Chase,CA,2021-12-22 23:27:26,50.8165,-119.6857,34.09,96,100,4.9
267,Ndele,CF,2021-12-22 23:27:27,8.4109,20.6473,75.63,27,48,7.0
268,Warri,NG,2021-12-22 23:27:27,5.5167,5.75,76.59,76,42,0.81
269,Hofn,IS,2021-12-22 23:24:57,64.2539,-15.2082,31.33,68,32,18.95
270,Olinda,BR,2021-12-22 23:23:54,-8.0089,-34.8553,82.13,78,40,6.91
271,Rancho Palos Verdes,US,2021-12-22 23:27:28,33.7445,-118.387,68.52,70,75,1.01
272,Hailey,US,2021-12-22 23:27:28,43.5196,-114.3153,33.66,78,75,5.75
273,Atar,MR,2021-12-22 23:27:29,20.5169,-13.0499,70.25,25,0,7.27
274,Santa Isabel,BR,2021-12-22 23:26:22,-23.3156,-46.2214,74.91,92,90,5.64
275,Mana,GF,2021-12-22 23:27:29,5.6592,-53.7767,75.81,93,100,7.07
276,Wilmington,US,2021-12-22 23:26:11,34.2257,-77.9447,51.85,80,1,4.61
277,Naryan-mar,RU,2021-12-22 23:27:30,67.6713,53.087,-26.39,98,33,3.11
278,Itarema,BR,2021-12-22 23:27:30,-2.9248,-39.9167,82.26,72,74,15.39
279,Shahr-e Kord,IR,2021-12-22 23:27:31,32.3256,50.8644,24.57,68,0,2.3
280,Mezen,RU,2021-12-22 23:27:31,65.8522,44.24,4.64,99,100,4.74
281,Ilhabela,BR,2021-12-22 23:27:31,-23.7781,-45.3581,74.93,94,74,5.77
282,Batsfjord,NO,2021-12-22 23:27:32,70.6345,29.7185,16.02,78,100,16.8
283,Clyde River,CA,2021-12-22 23:27:32,70.4692,-68.5914,12.43,85,90,9.22
284,Bam,IR,2021-12-22 23:27:33,29.106,58.357,55.4,39,70,2.55
285,Jalu,LY,2021-12-22 23:27:33,29.0331,21.5482,56.05,42,100,2.91
286,Wilmslow,GB,2021-12-22 23:27:34,53.328,-2.2315,42.13,89,90,4.61
287,Moses Lake,US,2021-12-22 23:27:34,47.1301,-119.2781,40.6,93,90,3.44
288,Goderich,CA,2021-12-22 23:26:56,43.7501,-81.7165,29.91,63,100,18.41
289,Bandar-e Lengeh,IR,2021-12-22 23:27:35,26.5579,54.8807,71.37,48,1,13.29
290,Wajir,KE,2021-12-22 23:27:35,1.7471,40.0573,78.39,73,99,10.67
291,Kristiansund,NO,2021-12-22 23:27:36,63.1115,7.732,30.85,93,20,4.61
292,Meulaboh,ID,2021-12-22 23:27:36,4.1363,96.1285,75.06,89,100,4.27
293,Iqaluit,CA,2021-12-22 23:27:36,63.7506,-68.5145,-7.76,94,70,3.53
294,Prince George,CA,2021-12-22 23:24:00,53.9166,-122.753,18.84,86,90,4.61
295,Padang,ID,2021-12-22 23:27:37,-0.9492,100.3543,73.45,97,100,4.99
296,Santa Rosa,PH,2021-12-22 23:27:37,14.3122,121.1114,77.86,88,84,3.91
297,Vallenar,CL,2021-12-22 23:27:38,-28.5708,-70.7581,72.79,48,69,6.49
298,Tunduma,TZ,2021-12-22 23:27:38,-9.3,32.7667,62.04,82,87,1.88
299,Guerrero Negro,MX,2021-12-22 23:27:29,27.9769,-114.0611,68.11,52,99,11.12
300,Vega De Alatorre,MX,2021-12-22 23:27:39,20.0333,-96.6333,73.27,77,67,7.65
301,Berberati,CF,2021-12-22 23:24:37,4.2612,15.7922,80.8,34,82,3.44
302,Karmala,IN,2021-12-22 23:27:39,18.4167,75.2,65.73,45,2,3.56
303,Sept-iles,CA,2021-12-22 23:26:02,50.2001,-66.3821,16.32,86,90,13.8
304,Baiersbronn,DE,2021-12-22 23:27:40,48.5,8.3833,24.15,99,94,1.99
305,Iquitos,PE,2021-12-22 23:23:43,-3.7481,-73.2472,84.24,84,75,3.44
306,Paso De Los Toros,UY,2021-12-22 23:27:40,-32.8167,-56.5167,83.01,20,0,18.25
307,Meiganga,CM,2021-12-22 23:27:41,6.5167,14.3,69.22,33,5,6.04
308,Bereznik,RU,2021-12-22 23:27:41,62.8551,42.7072,5.47,98,100,3.02
309,Tibiri,NE,2021-12-22 23:27:42,13.5627,7.0485,67.57,19,95,12.33
310,Egvekinot,RU,2021-12-22 23:27:42,66.3167,-179.1667,-10.53,95,100,16.96
311,Nioro,GM,2021-12-22 23:27:42,13.35,-15.75,79.88,19,97,7.72
312,Kemi,FI,2021-12-22 23:27:43,65.8596,24.8228,1.17,85,75,5.75
313,Conde,BR,2021-12-22 23:27:43,-7.2597,-34.9075,80.06,83,20,5.75
314,Palmer,US,2021-12-22 23:27:44,42.1584,-72.3287,35.62,55,40,3.0
315,Mecca,SA,2021-12-22 23:26:14,21.4267,39.8261,68.41,56,0,4.85
316,Morbegno,IT,2021-12-22 23:27:45,46.1383,9.57,39.27,81,34,3.65
317,Camaqua,BR,2021-12-22 23:27:45,-30.8511,-51.8122,66.85,75,0,5.68
318,Zlobin,HR,2021-12-22 23:27:45,45.2924,14.6541,33.15,70,75,2.3
319,Oranjemund,NA,2021-12-22 23:27:46,-28.55,16.4333,62.46,84,0,3.53
320,Shediac,CA,2021-12-22 23:27:46,46.2198,-64.5411,39.83,93,90,11.5
321,Husavik,IS,2021-12-22 23:27:47,66.0449,-17.3389,15.71,88,57,10.92
322,Adre,TD,2021-12-22 23:27:47,13.4667,22.2,65.26,19,7,14.36
323,Mayumba,GA,2021-12-22 23:27:47,-3.432,10.6554,78.1,93,100,4.7
324,Jibuti,DJ,2021-12-22 23:27:48,11.5,42.5,69.22,77,8,8.99
325,Batalha,BR,2021-12-22 23:27:48,-9.6778,-37.1247,81.5,66,96,14.05
326,Iquique,CL,2021-12-22 23:27:49,-20.2208,-70.1431,69.84,79,49,3.74
327,Itaituba,BR,2021-12-22 23:27:49,-4.2761,-55.9836,80.65,73,100,1.72
328,Sroda Wielkopolska,PL,2021-12-22 23:27:49,52.2284,17.2762,25.21,77,98,6.69
329,Kasama,ZM,2021-12-22 23:27:50,-10.2129,31.1808,64.09,94,100,2.01
330,San Cristobal,VE,2021-12-22 23:27:50,7.7669,-72.225,75.38,92,99,2.42
331,Korla,CN,2021-12-22 23:27:50,41.7597,86.1469,22.89,74,8,8.81
332,Tete,MZ,2021-12-22 23:27:51,-16.1564,33.5867,75.29,100,40,2.3
333,Ciudad Bolivar,VE,2021-12-22 23:27:51,8.1222,-63.5497,80.82,76,97,13.06
334,San Patricio,US,2021-12-22 23:27:52,28.017,-97.5169,73.38,59,56,11.18
335,Lulea,SE,2021-12-22 23:27:52,65.5842,22.1547,-5.73,84,75,1.14
336,Susangerd,IR,2021-12-22 23:27:52,31.5608,48.1831,51.82,54,0,7.63
337,Bosaso,SO,2021-12-22 23:27:53,11.2842,49.1816,73.13,78,40,1.36
338,Kalmar,SE,2021-12-22 23:27:53,56.6616,16.3616,28.96,95,90,2.3
339,Oksfjord,NO,2021-12-22 23:27:54,70.2396,22.3479,21.99,90,100,17.45
340,Antofagasta,CL,2021-12-22 23:27:30,-23.65,-70.4,67.28,76,100,2.35
341,Acapulco,MX,2021-12-22 23:23:34,16.8634,-99.8901,84.02,74,20,6.91
342,Boa Vista,BR,2021-12-22 23:27:55,2.8197,-60.6733,80.58,78,90,14.97
343,Nipawin,CA,2021-12-22 23:27:55,53.3668,-104.0009,3.24,85,90,12.66
344,Uruzgan,AF,2021-12-22 23:27:55,32.8333,66.0,42.73,69,17,2.75
345,Cap Malheureux,MU,2021-12-22 23:27:56,-19.9842,57.6142,79.47,84,100,4.0
346,Salalah,OM,2021-12-22 23:26:57,17.0151,54.0924,68.09,77,0,2.3
347,Wells,GB,2021-12-22 23:27:56,51.2079,-2.649,48.7,89,100,7.14
348,Valkeala,FI,2021-12-22 23:27:57,60.9401,26.7979,14.31,92,90,5.75
349,Valdosta,US,2021-12-22 23:27:57,30.8327,-83.2785,53.55,73,1,0.0
350,Tautira,PF,2021-12-22 23:27:57,-17.7333,-149.15,87.82,74,96,14.9
351,Rurrenabaque,BO,2021-12-22 23:27:58,-14.4413,-67.5278,75.51,90,100,2.28
352,Opuwo,NA,2021-12-22 23:27:59,-18.0607,13.84,68.85,35,0,10.2
353,Ikalamavony,MG,2021-12-22 23:27:59,-21.15,46.5833,70.11,79,75,3.53
354,Bengkulu,ID,2021-12-22 23:27:59,-3.8004,102.2655,74.93,89,77,5.55
355,Road Town,VG,2021-12-22 23:28:00,18.4167,-64.6167,78.89,78,40,4.61
356,Carupano,VE,2021-12-22 23:28:00,10.6678,-63.2585,77.07,91,93,13.91
357,Vizinga,RU,2021-12-22 23:28:01,61.0749,50.1031,-11.51,99,86,3.76
358,Kuruman,ZA,2021-12-22 23:28:01,-27.4524,23.4325,63.48,74,77,8.81
359,Kang,BW,2021-12-22 23:28:01,-23.6752,22.7876,72.03,66,59,8.63
360,Smithers,CA,2021-12-22 23:28:02,54.7804,-127.1743,12.52,85,20,4.61
361,Talara,PE,2021-12-22 23:28:02,-4.5772,-81.2719,74.16,68,75,6.91
362,Gat,IL,2021-12-22 23:28:03,31.61,34.7642,55.4,100,99,7.72
363,Eseka,CM,2021-12-22 23:28:03,3.65,10.7667,76.48,92,57,3.38
364,Vuktyl,RU,2021-12-22 23:28:04,63.8567,57.3094,-1.73,99,93,1.83
365,Ornskoldsvik,SE,2021-12-22 23:26:35,63.2909,18.7153,13.82,92,52,10.36
366,Taoudenni,ML,2021-12-22 23:28:04,22.6783,-3.9836,70.72,25,100,10.0
367,Muisne,EC,2021-12-22 23:28:05,0.6,-80.0333,75.07,85,84,6.82
368,Mbala,ZM,2021-12-22 23:28:05,-8.8402,31.3659,63.57,88,100,4.54
369,Ozinki,RU,2021-12-22 23:28:06,51.1786,49.6769,2.48,94,100,14.23
370,Haapiti,PF,2021-12-22 23:28:06,-17.5667,-149.8667,87.53,74,73,10.74
371,Porto Velho,BR,2021-12-22 23:28:06,-8.7619,-63.9039,78.85,94,20,2.3
372,Aswan,EG,2021-12-22 23:28:07,24.0934,32.907,52.74,54,4,10.09
373,Jumla,NP,2021-12-22 23:28:07,29.2747,82.1838,32.23,55,2,2.98
374,Midrand,ZA,2021-12-22 23:28:08,-25.9636,28.1378,65.59,83,67,1.5
375,Tsabong,BW,2021-12-22 23:28:08,-26.0217,22.401,73.62,30,93,13.51
376,Harper,LR,2021-12-22 23:28:09,4.375,-7.7169,80.4,79,25,6.98
377,Sokoni,TZ,2021-12-22 23:28:10,-6.4333,39.55,81.09,78,90,6.29
378,Fougamou,GA,2021-12-22 23:28:10,-1.2154,10.5838,75.58,96,83,2.08
379,Tuapse,RU,2021-12-22 23:28:10,44.1125,39.0742,25.97,77,97,2.35
380,Asfi,MA,2021-12-22 23:28:11,32.2994,-9.2372,62.42,93,29,8.08
381,Silifke,TR,2021-12-22 23:28:12,36.3778,33.9344,44.22,44,40,10.8
382,Darque,PT,2021-12-22 23:28:12,41.6833,-8.7667,60.3,78,100,15.01
383,Gweta,BW,2021-12-22 23:28:13,-20.1833,25.2333,73.9,74,99,8.61
384,Narasannapeta,IN,2021-12-22 23:28:13,18.4167,84.05,62.01,57,0,5.91
385,Juneau,US,2021-12-22 23:28:13,58.3019,-134.4197,29.21,90,1,0.0
386,Avera,US,2021-12-22 23:28:14,33.194,-82.5271,54.72,57,4,7.38
387,Eureka,US,2021-12-22 23:24:54,40.8021,-124.1637,58.93,75,100,8.01
388,Pochutla,MX,2021-12-22 23:28:14,15.7432,-96.4661,82.22,68,40,4.05
389,Katunino,RU,2021-12-22 23:28:15,64.3862,40.6298,21.09,93,100,8.68
390,Waynesville,US,2021-12-22 23:28:15,35.4887,-82.9887,41.23,54,0,3.0
391,Muravlenko,RU,2021-12-22 23:28:16,63.7898,74.523,20.48,91,100,23.47
392,Asyut,EG,2021-12-22 23:28:16,27.181,31.1837,52.07,65,59,7.9
393,Moerai,PF,2021-12-22 23:28:16,-22.4333,-151.3333,79.95,74,98,5.41
394,Saint Anthony,US,2021-12-22 23:28:17,45.0205,-93.218,26.53,73,1,1.01
395,Tamandare,BR,2021-12-22 23:28:18,-8.7597,-35.1047,79.95,81,100,11.18
396,Verkhnyaya Inta,RU,2021-12-22 23:28:18,65.9811,60.3094,-5.3,99,86,6.29
397,Ahlat,TR,2021-12-22 23:28:18,38.7518,42.4814,9.97,87,81,5.95
398,Shelburne,CA,2021-12-22 23:28:19,44.0787,-80.2041,23.56,91,92,12.06
399,Mapiri,BO,2021-12-22 23:28:19,-15.25,-68.1667,69.94,94,100,0.49
400,Wichita Falls,US,2021-12-22 23:25:20,33.9137,-98.4934,62.42,55,1,8.01
401,Barmer,IN,2021-12-22 23:28:20,25.75,71.3833,62.89,80,0,5.88
402,Benguela,AO,2021-12-22 23:23:37,-12.5763,13.4055,74.59,75,60,3.58
403,Oussouye,SN,2021-12-22 23:25:17,12.485,-16.5469,75.29,22,90,8.66
404,Chicama,PE,2021-12-22 23:28:20,-7.8447,-79.1469,64.94,73,60,8.05
405,Ukiah,US,2021-12-22 23:28:21,39.1502,-123.2078,54.63,93,90,5.75
406,Bud,US,2021-12-22 23:28:21,39.447,-86.1758,32.18,56,2,3.31
407,Kalmunai,LK,2021-12-22 23:28:22,7.4167,81.8167,74.8,78,39,6.6
408,Horasan,TR,2021-12-22 23:28:22,40.0458,42.1728,4.57,82,63,0.87
409,Walvis Bay,NA,2021-12-22 23:28:22,-22.9575,14.5053,64.09,88,0,3.44
410,Manta,EC,2021-12-22 23:28:23,-0.95,-80.7333,76.78,78,75,6.91
411,Killarney,IE,2021-12-22 23:28:23,52.05,-9.5167,53.29,93,100,11.39
412,Mocuba,MZ,2021-12-22 23:28:23,-16.8392,36.9856,73.09,94,88,3.11
413,Ajdabiya,LY,2021-12-22 23:28:24,30.7554,20.2263,56.7,66,100,4.12
414,Olafsvik,IS,2021-12-22 23:28:24,64.8945,-23.7142,33.67,73,24,13.18
415,Prieska,ZA,2021-12-22 23:28:25,-29.6641,22.7474,67.01,65,24,17.4
416,Qasigiannguit,GL,2021-12-22 23:28:25,68.8193,-51.1922,37.65,67,56,10.02
417,Fairbanks,US,2021-12-22 23:28:25,64.8378,-147.7164,-9.44,78,75,6.91
418,Surenavan,AM,2021-12-22 23:28:26,39.75,44.8,20.01,50,42,5.06
419,Narovchat,RU,2021-12-22 23:28:27,53.8765,43.6946,-3.21,94,98,7.74
420,Susanville,US,2021-12-22 23:25:06,40.4163,-120.653,38.8,93,75,6.91
421,Totness,SR,2021-12-22 23:25:18,5.8833,-56.3167,76.08,91,100,11.99
422,Mayo,US,2021-12-22 23:28:28,38.8876,-76.5119,43.34,44,2,10.0
423,Panino,RU,2021-12-22 23:28:28,51.6467,40.1346,-2.43,91,93,7.56
424,Bubaque,GW,2021-12-22 23:28:29,11.2833,-15.8333,81.5,60,80,9.44
425,Bantry,IE,2021-12-22 23:28:29,51.6833,-9.45,53.08,96,100,16.67
426,Sorland,NO,2021-12-22 23:28:29,67.667,12.6934,38.93,82,100,28.34
427,West Bay,KY,2021-12-22 23:28:30,19.3667,-81.4167,78.87,69,40,1.99
428,Tiarei,PF,2021-12-22 23:28:30,-17.5333,-149.3333,87.82,75,96,13.11
429,Jonkoping,SE,2021-12-22 23:28:31,57.7814,14.1562,30.38,93,75,9.22
430,Santa Maria,BR,2021-12-22 23:28:31,-29.6842,-53.8069,76.3,53,0,5.75
431,Pleshanovo,RU,2021-12-22 23:28:32,52.8333,53.4833,14.18,96,100,7.58
432,Dwarka,IN,2021-12-22 23:28:32,22.2394,68.9678,71.06,79,86,5.77
433,Faizabad,IN,2021-12-22 23:28:32,26.7833,82.1333,53.73,43,0,1.86
434,Tashara,RU,2021-12-22 23:28:33,55.5195,83.5094,11.23,90,11,6.2
435,Karasjok,NO,2021-12-22 23:28:33,69.4719,25.5112,17.71,84,98,19.22
436,Chalon-sur-saone,FR,2021-12-22 23:28:34,46.7833,4.85,32.99,89,100,5.84
437,Neiafu,TO,2021-12-22 23:28:34,-18.65,-173.9833,86.68,66,40,10.36
438,Qaqortoq,GL,2021-12-22 23:28:34,60.7167,-46.0333,45.1,46,100,23.89
439,Krotoszyn,PL,2021-12-22 23:28:35,51.6987,17.4374,25.56,74,94,7.18
440,Saint-georges,GD,2021-12-22 23:28:35,12.0564,-61.7485,80.28,78,75,28.77
441,Boende,CD,2021-12-22 23:28:36,-0.2167,20.8667,73.67,88,100,1.59
442,Salinas,US,2021-12-22 23:28:36,36.6777,-121.6555,62.56,84,90,16.11
443,Ascension,US,2021-12-22 23:28:36,30.2169,-90.9001,60.28,60,1,0.0
444,Pietermaritzburg,ZA,2021-12-22 23:28:37,-29.6168,30.3928,64.76,97,97,3.91
445,Aklavik,CA,2021-12-22 23:28:37,68.2191,-135.0107,-10.37,77,20,3.44
446,Castelo Branco,PT,2021-12-22 23:25:43,39.8222,-7.4909,54.97,92,100,3.31
447,Sindi,IN,2021-12-22 23:28:38,20.8,78.8667,50.88,38,0,3.53
448,Yauya,PE,2021-12-22 23:28:38,-8.9833,-77.3,56.03,60,79,5.88
449,Dergachi,RU,2021-12-22 23:28:39,51.2328,48.7659,0.66,95,100,11.56
450,Ondangwa,NA,2021-12-22 23:28:39,-17.9167,15.95,80.6,29,86,5.75
451,Imbituba,BR,2021-12-22 23:28:40,-28.24,-48.6703,73.29,82,72,11.88
452,Porto Novo,BJ,2021-12-22 23:28:40,6.4965,2.6036,82.22,55,70,1.25
453,Zhezkazgan,KZ,2021-12-22 23:28:40,47.8043,67.7144,31.77,97,100,5.5
454,Dekar,BW,2021-12-22 23:28:41,-21.5333,21.9333,73.96,60,35,11.14
455,Subkhankulovo,RU,2021-12-22 23:28:41,54.5574,53.8115,-4.85,100,92,3.13
456,Demba,CD,2021-12-22 23:28:42,-5.51,22.2667,69.17,100,100,2.13
457,Skrunda,LV,2021-12-22 23:28:42,56.6833,22.0167,15.46,80,23,5.44
458,Prado,BR,2021-12-22 23:28:42,-17.3411,-39.2208,76.33,93,80,14.09
459,Pskov,RU,2021-12-22 23:28:43,57.8136,28.3496,15.71,86,90,4.47
460,Comodoro Rivadavia,AR,2021-12-22 23:28:43,-45.8667,-67.5,64.26,55,0,19.57
461,Vestmannaeyjar,IS,2021-12-22 23:28:44,63.4427,-20.2734,34.66,68,14,14.94
462,Pontes E Lacerda,BR,2021-12-22 23:28:45,-15.2261,-59.3353,72.32,99,100,1.99
463,Obuasi,GH,2021-12-22 23:28:45,6.206,-1.6619,72.16,60,80,1.36
464,Quelimane,MZ,2021-12-22 23:28:45,-17.8786,36.8883,75.76,89,55,4.03
465,Fort Wellington,GY,2021-12-22 23:28:46,6.4,-57.6,76.89,91,100,16.02
466,Jizan,SA,2021-12-22 23:28:46,17.3333,42.6667,79.74,79,43,5.95
467,Lodja,CD,2021-12-22 23:28:47,-3.4833,23.4333,70.97,98,100,2.17
468,Kirillov,RU,2021-12-22 23:28:47,59.863,38.3813,13.05,93,100,9.4
469,Vilhena,BR,2021-12-22 23:28:44,-12.7406,-60.1458,73.62,94,40,4.61
470,Camacha,PT,2021-12-22 23:28:48,33.0833,-16.3333,64.53,82,40,12.66
471,Sistranda,NO,2021-12-22 23:28:48,63.7256,8.834,28.9,72,87,2.48
472,Chute-aux-outardes,CA,2021-12-22 23:28:48,49.1168,-68.399,24.78,93,90,11.5
473,Muros,ES,2021-12-22 23:28:49,42.7762,-9.0603,61.3,94,100,24.29
474,Takestan,IR,2021-12-22 23:28:49,36.0696,49.6959,35.73,60,8,1.97
475,Gornopravdinsk,RU,2021-12-22 23:28:50,60.05,69.9,25.21,94,100,11.59
476,Newton Stewart,GB,2021-12-22 23:28:50,54.9578,-4.4832,40.95,97,100,7.83
477,Nuuk,GL,2021-12-22 23:28:51,64.1835,-51.7216,36.21,80,90,5.75
478,Maine-soroa,NE,2021-12-22 23:28:51,13.2114,12.0241,65.57,20,21,9.64
479,Maniitsoq,GL,2021-12-22 23:28:52,65.4167,-52.9,32.92,84,100,10.11
480,Mbandaka,CD,2021-12-22 23:28:52,0.0487,18.2603,75.06,81,82,3.6
481,Kudeyevskiy,RU,2021-12-22 23:28:52,54.8758,56.7567,9.63,99,100,2.84
482,Asosa,ET,2021-12-22 23:28:53,10.0667,34.5333,66.16,60,76,3.31
483,Canavieiras,BR,2021-12-22 23:28:53,-15.675,-38.9472,78.46,84,100,10.92
484,Bialystok,PL,2021-12-22 23:28:53,53.1333,23.15,20.88,63,75,4.85
485,Alcaniz,ES,2021-12-22 23:28:54,41.05,-0.1333,52.43,90,14,3.71
486,San-pedro,CI,2021-12-22 23:28:54,4.7485,-6.6363,79.59,75,19,5.88
487,Belmonte,BR,2021-12-22 23:28:55,-15.8631,-38.8828,77.5,85,98,13.76
488,Alice,US,2021-12-22 23:28:55,27.7523,-98.0697,76.57,51,34,7.4
489,Ati,TD,2021-12-22 23:28:55,13.2154,18.3353,71.31,18,0,11.3
490,Dois Vizinhos,BR,2021-12-22 23:28:56,-25.7336,-53.0572,76.14,62,64,8.86
491,Kemijarvi,FI,2021-12-22 23:28:56,66.7131,27.4306,8.29,84,100,8.5
492,Sandpoint,US,2021-12-22 23:28:02,48.2766,-116.5533,39.96,96,90,0.0
493,Ibotirama,BR,2021-12-22 23:28:57,-12.1853,-43.2206,73.24,92,58,2.04
494,Alenquer,BR,2021-12-22 23:28:57,-1.9417,-54.7383,84.54,65,96,3.38
495,Samana,DO,2021-12-22 23:28:58,19.2056,-69.3369,80.56,85,40,5.55
496,Neuquen,AR,2021-12-22 23:28:58,-38.9516,-68.0591,87.69,22,0,5.75
497,Namibe,AO,2021-12-22 23:28:59,-15.1961,12.1522,68.2,77,24,9.19
498,Orange Cove,US,2021-12-22 23:28:59,36.6244,-119.3137,55.45,88,100,1.72
499,Caraquet,CA,2021-12-22 23:28:59,47.7941,-64.9386,30.74,96,100,18.48
